Task, N, Procs, Threads, T_Serial, T_Parallel, T_Total
Baseline_Serial, 250000, 1, 1, 0.000000, 0.010053, 0.010053
Baseline_PThreads, 250000, 1, 1, 0.000000, 0.010132, 0.010132
Baseline_OMP, 250000, 1, 1, 0.000000, 0.010083, 0.010083
Baseline_PThreads, 250000, 1, 2, 0.000000, 0.010370, 0.010370
Baseline_OMP, 250000, 1, 2, 0.000000, 0.005195, 0.005195
Baseline_PThreads, 250000, 1, 4, 0.000000, 0.003630, 0.003630
Baseline_OMP, 250000, 1, 4, 0.000000, 0.009009, 0.009009
Baseline_PThreads, 250000, 1, 8, 0.000000, 0.003402, 0.003402
Baseline_OMP, 250000, 1, 8, 0.000000, 0.002846, 0.002846
Baseline_Serial, 500000, 1, 1, 0.000000, 0.026234, 0.026234
Baseline_PThreads, 500000, 1, 1, 0.000000, 0.026250, 0.026250
Baseline_OMP, 500000, 1, 1, 0.000000, 0.026265, 0.026265
Baseline_PThreads, 500000, 1, 2, 0.000000, 0.016302, 0.016302
Baseline_OMP, 500000, 1, 2, 0.000000, 0.013264, 0.013264
Baseline_PThreads, 500000, 1, 4, 0.000000, 0.008837, 0.008837
Baseline_OMP, 500000, 1, 4, 0.000000, 0.007207, 0.007207
Baseline_PThreads, 500000, 1, 8, 0.000000, 0.004731, 0.004731
Baseline_OMP, 500000, 1, 8, 0.000000, 0.004198, 0.004198
Baseline_Serial, 750000, 1, 1, 0.000000, 0.045913, 0.045913
Baseline_PThreads, 750000, 1, 1, 0.000000, 0.045935, 0.045935
Baseline_OMP, 750000, 1, 1, 0.000000, 0.045843, 0.045843
Baseline_PThreads, 750000, 1, 2, 0.000000, 0.028514, 0.028514
Baseline_OMP, 750000, 1, 2, 0.000000, 0.023104, 0.023104
Baseline_PThreads, 750000, 1, 4, 0.000000, 0.022097, 0.022097
Baseline_OMP, 750000, 1, 4, 0.000000, 0.026269, 0.026269
Baseline_PThreads, 750000, 1, 8, 0.000000, 0.011025, 0.011025
Baseline_OMP, 750000, 1, 8, 0.000000, 0.013837, 0.013837
Baseline_Serial, 1000000, 1, 1, 0.000000, 0.068351, 0.068351
Baseline_PThreads, 1000000, 1, 1, 0.000000, 0.068555, 0.068555
Baseline_OMP, 1000000, 1, 1, 0.000000, 0.068546, 0.068546
Baseline_PThreads, 1000000, 1, 2, 0.000000, 0.045558, 0.045558
Baseline_OMP, 1000000, 1, 2, 0.000000, 0.034379, 0.034379
Baseline_PThreads, 1000000, 1, 4, 0.000000, 0.037009, 0.037009
Baseline_OMP, 1000000, 1, 4, 0.000000, 0.017362, 0.017362
Baseline_PThreads, 1000000, 1, 8, 0.000000, 0.015710, 0.015710
Baseline_OMP, 1000000, 1, 8, 0.000000, 0.020944, 0.020944
Baseline_Serial, 1250000, 1, 1, 0.000000, 0.093516, 0.093516
Baseline_PThreads, 1250000, 1, 1, 0.000000, 0.093315, 0.093315
Baseline_OMP, 1250000, 1, 1, 0.000000, 0.093462, 0.093462
Baseline_PThreads, 1250000, 1, 2, 0.000000, 0.070883, 0.070883
Baseline_OMP, 1250000, 1, 2, 0.000000, 0.047399, 0.047399
Baseline_PThreads, 1250000, 1, 4, 0.000000, 0.045414, 0.045414
Baseline_OMP, 1250000, 1, 4, 0.000000, 0.024225, 0.024225
Baseline_PThreads, 1250000, 1, 8, 0.000000, 0.021315, 0.021315
Baseline_OMP, 1250000, 1, 8, 0.000000, 0.013026, 0.013026
Baseline_Serial, 1500000, 1, 1, 0.000000, 0.120150, 0.120150
Baseline_PThreads, 1500000, 1, 1, 0.000000, 0.120524, 0.120524
Baseline_OMP, 1500000, 1, 1, 0.000000, 0.120347, 0.120347
Baseline_PThreads, 1500000, 1, 2, 0.000000, 0.078803, 0.078803
Baseline_OMP, 1500000, 1, 2, 0.000000, 0.060673, 0.060673
Baseline_PThreads, 1500000, 1, 4, 0.000000, 0.040254, 0.040254
Baseline_OMP, 1500000, 1, 4, 0.000000, 0.030528, 0.030528
Baseline_PThreads, 1500000, 1, 8, 0.000000, 0.020867, 0.020867
Baseline_OMP, 1500000, 1, 8, 0.000000, 0.020601, 0.020601
Baseline_Serial, 1750000, 1, 1, 0.000000, 0.149527, 0.149527
Baseline_PThreads, 1750000, 1, 1, 0.000000, 0.149359, 0.149359
Baseline_OMP, 1750000, 1, 1, 0.000000, 0.148955, 0.148955
Baseline_PThreads, 1750000, 1, 2, 0.000000, 0.106617, 0.106617
Baseline_OMP, 1750000, 1, 2, 0.000000, 0.075292, 0.075292
Baseline_PThreads, 1750000, 1, 4, 0.000000, 0.062667, 0.062667
Baseline_OMP, 1750000, 1, 4, 0.000000, 0.037533, 0.037533
Baseline_PThreads, 1750000, 1, 8, 0.000000, 0.038354, 0.038354
Baseline_OMP, 1750000, 1, 8, 0.000000, 0.019058, 0.019058
Baseline_Serial, 2000000, 1, 1, 0.000000, 0.179647, 0.179647
Baseline_PThreads, 2000000, 1, 1, 0.000000, 0.179774, 0.179774
Baseline_OMP, 2000000, 1, 1, 0.000000, 0.179634, 0.179634
Baseline_PThreads, 2000000, 1, 2, 0.000000, 0.111644, 0.111644
Baseline_OMP, 2000000, 1, 2, 0.000000, 0.090374, 0.090374
Baseline_PThreads, 2000000, 1, 4, 0.000000, 0.059845, 0.059845
Baseline_OMP, 2000000, 1, 4, 0.000000, 0.045469, 0.045469
Baseline_PThreads, 2000000, 1, 8, 0.000000, 0.043904, 0.043904
Baseline_OMP, 2000000, 1, 8, 0.000000, 0.025232, 0.025232
Baseline_Serial, 2250000, 1, 1, 0.000000, 0.211915, 0.211915
Baseline_PThreads, 2250000, 1, 1, 0.000000, 0.212070, 0.212070
Baseline_OMP, 2250000, 1, 1, 0.000000, 0.212339, 0.212339
Baseline_PThreads, 2250000, 1, 2, 0.000000, 0.131880, 0.131880
Baseline_OMP, 2250000, 1, 2, 0.000000, 0.106704, 0.106704
Baseline_PThreads, 2250000, 1, 4, 0.000000, 0.070771, 0.070771
Baseline_OMP, 2250000, 1, 4, 0.000000, 0.053781, 0.053781
Baseline_PThreads, 2250000, 1, 8, 0.000000, 0.036849, 0.036849
Baseline_OMP, 2250000, 1, 8, 0.000000, 0.027922, 0.027922
Baseline_Serial, 2500000, 1, 1, 0.000000, 0.246685, 0.246685
Baseline_PThreads, 2500000, 1, 1, 0.000000, 0.246024, 0.246024
Baseline_OMP, 2500000, 1, 1, 0.000000, 0.245832, 0.245832
Baseline_PThreads, 2500000, 1, 2, 0.000000, 0.152797, 0.152797
Baseline_OMP, 2500000, 1, 2, 0.000000, 0.123892, 0.123892
Baseline_PThreads, 2500000, 1, 4, 0.000000, 0.081713, 0.081713
Baseline_OMP, 2500000, 1, 4, 0.000000, 0.062527, 0.062527
Baseline_PThreads, 2500000, 1, 8, 0.000000, 0.049197, 0.049197
Baseline_OMP, 2500000, 1, 8, 0.000000, 0.031842, 0.031842
Baseline_Serial, 2750000, 1, 1, 0.000000, 0.280691, 0.280691
Baseline_PThreads, 2750000, 1, 1, 0.000000, 0.281036, 0.281036
Baseline_OMP, 2750000, 1, 1, 0.000000, 0.280478, 0.280478
Baseline_PThreads, 2750000, 1, 2, 0.000000, 0.174389, 0.174389
Baseline_OMP, 2750000, 1, 2, 0.000000, 0.141017, 0.141017
Baseline_PThreads, 2750000, 1, 4, 0.000000, 0.093226, 0.093226
Baseline_OMP, 2750000, 1, 4, 0.000000, 0.071212, 0.071212
Baseline_PThreads, 2750000, 1, 8, 0.000000, 0.048349, 0.048349
Baseline_OMP, 2750000, 1, 8, 0.000000, 0.036081, 0.036081
Baseline_Serial, 3000000, 1, 1, 0.000000, 0.317628, 0.317628
Baseline_PThreads, 3000000, 1, 1, 0.000000, 0.317222, 0.317222
Baseline_OMP, 3000000, 1, 1, 0.000000, 0.316879, 0.316879
Baseline_PThreads, 3000000, 1, 2, 0.000000, 0.197030, 0.197030
Baseline_OMP, 3000000, 1, 2, 0.000000, 0.159419, 0.159419
Baseline_PThreads, 3000000, 1, 4, 0.000000, 0.105827, 0.105827
Baseline_OMP, 3000000, 1, 4, 0.000000, 0.079896, 0.079896
Baseline_PThreads, 3000000, 1, 8, 0.000000, 0.064847, 0.064847
Baseline_OMP, 3000000, 1, 8, 0.000000, 0.041164, 0.041164
Baseline_Serial, 3250000, 1, 1, 0.000000, 0.354739, 0.354739
Baseline_PThreads, 3250000, 1, 1, 0.000000, 0.354865, 0.354865
Baseline_OMP, 3250000, 1, 1, 0.000000, 0.355450, 0.355450
Baseline_PThreads, 3250000, 1, 2, 0.000000, 0.222358, 0.222358
Baseline_OMP, 3250000, 1, 2, 0.000000, 0.179328, 0.179328
Baseline_PThreads, 3250000, 1, 4, 0.000000, 0.119239, 0.119239
Baseline_OMP, 3250000, 1, 4, 0.000000, 0.092014, 0.092014
Baseline_PThreads, 3250000, 1, 8, 0.000000, 0.063218, 0.063218
Baseline_OMP, 3250000, 1, 8, 0.000000, 0.059345, 0.059345
Baseline_Serial, 3500000, 1, 1, 0.000000, 0.396025, 0.396025
Baseline_PThreads, 3500000, 1, 1, 0.000000, 0.396172, 0.396172
Baseline_OMP, 3500000, 1, 1, 0.000000, 0.395063, 0.395063
Baseline_PThreads, 3500000, 1, 2, 0.000000, 0.268245, 0.268245
Baseline_OMP, 3500000, 1, 2, 0.000000, 0.200379, 0.200379
Baseline_PThreads, 3500000, 1, 4, 0.000000, 0.133365, 0.133365
Baseline_OMP, 3500000, 1, 4, 0.000000, 0.102412, 0.102412
Baseline_PThreads, 3500000, 1, 8, 0.000000, 0.125175, 0.125175
Baseline_OMP, 3500000, 1, 8, 0.000000, 0.054369, 0.054369
Baseline_Serial, 3750000, 1, 1, 0.000000, 0.436297, 0.436297
Baseline_PThreads, 3750000, 1, 1, 0.000000, 0.436666, 0.436666
Baseline_OMP, 3750000, 1, 1, 0.000000, 0.437904, 0.437904
Baseline_PThreads, 3750000, 1, 2, 0.000000, 0.271470, 0.271470
Baseline_OMP, 3750000, 1, 2, 0.000000, 0.220640, 0.220640
Baseline_PThreads, 3750000, 1, 4, 0.000000, 0.146649, 0.146649
Baseline_OMP, 3750000, 1, 4, 0.000000, 0.112637, 0.112637
Baseline_PThreads, 3750000, 1, 8, 0.000000, 0.075902, 0.075902
Baseline_OMP, 3750000, 1, 8, 0.000000, 0.056429, 0.056429
Baseline_Serial, 4000000, 1, 1, 0.000000, 0.478222, 0.478222
Baseline_PThreads, 4000000, 1, 1, 0.000000, 0.477066, 0.477066
Baseline_OMP, 4000000, 1, 1, 0.000000, 0.493687, 0.493687
Baseline_PThreads, 4000000, 1, 2, 0.000000, 0.296076, 0.296076
Baseline_OMP, 4000000, 1, 2, 0.000000, 0.257405, 0.257405
Baseline_PThreads, 4000000, 1, 4, 0.000000, 0.158573, 0.158573
Baseline_OMP, 4000000, 1, 4, 0.000000, 0.122808, 0.122808
Baseline_PThreads, 4000000, 1, 8, 0.000000, 0.083704, 0.083704
Baseline_OMP, 4000000, 1, 8, 0.000000, 0.073632, 0.073632
Baseline_Serial, 4250000, 1, 1, 0.000000, 0.525798, 0.525798
Baseline_PThreads, 4250000, 1, 1, 0.000000, 0.521692, 0.521692
Baseline_OMP, 4250000, 1, 1, 0.000000, 0.520854, 0.520854
Baseline_PThreads, 4250000, 1, 2, 0.000000, 0.325114, 0.325114
Baseline_OMP, 4250000, 1, 2, 0.000000, 0.263178, 0.263178
Baseline_PThreads, 4250000, 1, 4, 0.000000, 0.196724, 0.196724
Baseline_OMP, 4250000, 1, 4, 0.000000, 0.135580, 0.135580
Baseline_PThreads, 4250000, 1, 8, 0.000000, 0.091159, 0.091159
Baseline_OMP, 4250000, 1, 8, 0.000000, 0.071161, 0.071161
Baseline_Serial, 4500000, 1, 1, 0.000000, 0.564154, 0.564154
Baseline_PThreads, 4500000, 1, 1, 0.000000, 0.564670, 0.564670
Baseline_OMP, 4500000, 1, 1, 0.000000, 0.565739, 0.565739
Baseline_PThreads, 4500000, 1, 2, 0.000000, 0.355524, 0.355524
Baseline_OMP, 4500000, 1, 2, 0.000000, 0.285124, 0.285124
Baseline_PThreads, 4500000, 1, 4, 0.000000, 0.193477, 0.193477
Baseline_OMP, 4500000, 1, 4, 0.000000, 0.157149, 0.157149
Baseline_PThreads, 4500000, 1, 8, 0.000000, 0.111128, 0.111128
Baseline_OMP, 4500000, 1, 8, 0.000000, 0.084641, 0.084641
Baseline_Serial, 4750000, 1, 1, 0.000000, 0.622602, 0.622602
Baseline_PThreads, 4750000, 1, 1, 0.000000, 0.608807, 0.608807
Baseline_OMP, 4750000, 1, 1, 0.000000, 0.608456, 0.608456
Baseline_PThreads, 4750000, 1, 2, 0.000000, 0.402310, 0.402310
Baseline_OMP, 4750000, 1, 2, 0.000000, 0.307113, 0.307113
Baseline_PThreads, 4750000, 1, 4, 0.000000, 0.203771, 0.203771
Baseline_OMP, 4750000, 1, 4, 0.000000, 0.157333, 0.157333
Baseline_PThreads, 4750000, 1, 8, 0.000000, 0.117749, 0.117749
Baseline_OMP, 4750000, 1, 8, 0.000000, 0.081682, 0.081682
Baseline_Serial, 5000000, 1, 1, 0.000000, 0.653867, 0.653867
Baseline_PThreads, 5000000, 1, 1, 0.000000, 0.657531, 0.657531
Baseline_OMP, 5000000, 1, 1, 0.000000, 0.654037, 0.654037
Baseline_PThreads, 5000000, 1, 2, 0.000000, 0.412949, 0.412949
Baseline_OMP, 5000000, 1, 2, 0.000000, 0.329785, 0.329785
Baseline_PThreads, 5000000, 1, 4, 0.000000, 0.218005, 0.218005
Baseline_OMP, 5000000, 1, 4, 0.000000, 0.167936, 0.167936
Baseline_PThreads, 5000000, 1, 8, 0.000000, 0.125636, 0.125636
Baseline_OMP, 5000000, 1, 8, 0.000000, 0.094950, 0.094950
Baseline_Serial, 5250000, 1, 1, 0.000000, 0.698439, 0.698439
Baseline_PThreads, 5250000, 1, 1, 0.000000, 0.699911, 0.699911
Baseline_OMP, 5250000, 1, 1, 0.000000, 0.701031, 0.701031
Baseline_PThreads, 5250000, 1, 2, 0.000000, 0.435066, 0.435066
Baseline_OMP, 5250000, 1, 2, 0.000000, 0.352775, 0.352775
Baseline_PThreads, 5250000, 1, 4, 0.000000, 0.232796, 0.232796
Baseline_OMP, 5250000, 1, 4, 0.000000, 0.181156, 0.181156
Baseline_PThreads, 5250000, 1, 8, 0.000000, 0.121955, 0.121955
Baseline_OMP, 5250000, 1, 8, 0.000000, 0.092863, 0.092863
Baseline_Serial, 5500000, 1, 1, 0.000000, 0.747848, 0.747848
Baseline_PThreads, 5500000, 1, 1, 0.000000, 0.747923, 0.747923
Baseline_OMP, 5500000, 1, 1, 0.000000, 0.747912, 0.747912
Baseline_PThreads, 5500000, 1, 2, 0.000000, 0.464790, 0.464790
Baseline_OMP, 5500000, 1, 2, 0.000000, 0.389609, 0.389609
Baseline_PThreads, 5500000, 1, 4, 0.000000, 0.259304, 0.259304
Baseline_OMP, 5500000, 1, 4, 0.000000, 0.201832, 0.201832
Baseline_PThreads, 5500000, 1, 8, 0.000000, 0.137891, 0.137891
Baseline_OMP, 5500000, 1, 8, 0.000000, 0.098912, 0.098912
Baseline_Serial, 5750000, 1, 1, 0.000000, 0.798009, 0.798009
Baseline_PThreads, 5750000, 1, 1, 0.000000, 0.797903, 0.797903
Baseline_OMP, 5750000, 1, 1, 0.000000, 0.798904, 0.798904
Baseline_PThreads, 5750000, 1, 2, 0.000000, 0.508165, 0.508165
Baseline_OMP, 5750000, 1, 2, 0.000000, 0.409347, 0.409347
Baseline_PThreads, 5750000, 1, 4, 0.000000, 0.277746, 0.277746
Baseline_OMP, 5750000, 1, 4, 0.000000, 0.227893, 0.227893
Baseline_PThreads, 5750000, 1, 8, 0.000000, 0.138839, 0.138839
Baseline_OMP, 5750000, 1, 8, 0.000000, 0.115124, 0.115124
Baseline_Serial, 6000000, 1, 1, 0.000000, 0.843225, 0.843225
Baseline_PThreads, 6000000, 1, 1, 0.000000, 0.846343, 0.846343
Baseline_OMP, 6000000, 1, 1, 0.000000, 0.844700, 0.844700
Baseline_PThreads, 6000000, 1, 2, 0.000000, 0.526092, 0.526092
Baseline_OMP, 6000000, 1, 2, 0.000000, 0.424932, 0.424932
Baseline_PThreads, 6000000, 1, 4, 0.000000, 0.298933, 0.298933
Baseline_OMP, 6000000, 1, 4, 0.000000, 0.224424, 0.224424
Baseline_PThreads, 6000000, 1, 8, 0.000000, 0.149375, 0.149375
Baseline_OMP, 6000000, 1, 8, 0.000000, 0.110315, 0.110315
Baseline_Serial, 6250000, 1, 1, 0.000000, 0.893597, 0.893597
Baseline_PThreads, 6250000, 1, 1, 0.000000, 0.894910, 0.894910
Baseline_OMP, 6250000, 1, 1, 0.000000, 0.894509, 0.894509
Baseline_PThreads, 6250000, 1, 2, 0.000000, 0.560390, 0.560390
Baseline_OMP, 6250000, 1, 2, 0.000000, 0.451148, 0.451148
Baseline_PThreads, 6250000, 1, 4, 0.000000, 0.297593, 0.297593
Baseline_OMP, 6250000, 1, 4, 0.000000, 0.226853, 0.226853
Baseline_PThreads, 6250000, 1, 8, 0.000000, 0.155437, 0.155437
Baseline_OMP, 6250000, 1, 8, 0.000000, 0.125576, 0.125576
Baseline_Serial, 6500000, 1, 1, 0.000000, 0.946637, 0.946637
Baseline_PThreads, 6500000, 1, 1, 0.000000, 0.947646, 0.947646
Baseline_OMP, 6500000, 1, 1, 0.000000, 0.947038, 0.947038
Baseline_PThreads, 6500000, 1, 2, 0.000000, 0.588979, 0.588979
Baseline_OMP, 6500000, 1, 2, 0.000000, 0.476229, 0.476229
Baseline_PThreads, 6500000, 1, 4, 0.000000, 0.315558, 0.315558
Baseline_OMP, 6500000, 1, 4, 0.000000, 0.241863, 0.241863
Baseline_PThreads, 6500000, 1, 8, 0.000000, 0.163136, 0.163136
Baseline_OMP, 6500000, 1, 8, 0.000000, 0.126744, 0.126744
Baseline_Serial, 6750000, 1, 1, 0.000000, 0.996199, 0.996199
Baseline_PThreads, 6750000, 1, 1, 0.000000, 0.997046, 0.997046
Baseline_OMP, 6750000, 1, 1, 0.000000, 0.996030, 0.996030
Baseline_PThreads, 6750000, 1, 2, 0.000000, 0.622818, 0.622818
Baseline_OMP, 6750000, 1, 2, 0.000000, 0.502557, 0.502557
Baseline_PThreads, 6750000, 1, 4, 0.000000, 0.333198, 0.333198
Baseline_OMP, 6750000, 1, 4, 0.000000, 0.265198, 0.265198
Baseline_PThreads, 6750000, 1, 8, 0.000000, 0.182641, 0.182641
Baseline_OMP, 6750000, 1, 8, 0.000000, 0.135472, 0.135472
Baseline_Serial, 7000000, 1, 1, 0.000000, 1.048042, 1.048042
Baseline_PThreads, 7000000, 1, 1, 0.000000, 1.050693, 1.050693
Baseline_OMP, 7000000, 1, 1, 0.000000, 1.048828, 1.048828
Baseline_PThreads, 7000000, 1, 2, 0.000000, 0.654054, 0.654054
Baseline_OMP, 7000000, 1, 2, 0.000000, 0.528524, 0.528524
Baseline_PThreads, 7000000, 1, 4, 0.000000, 0.349958, 0.349958
Baseline_OMP, 7000000, 1, 4, 0.000000, 0.268148, 0.268148
Baseline_PThreads, 7000000, 1, 8, 0.000000, 0.213465, 0.213465
Baseline_OMP, 7000000, 1, 8, 0.000000, 0.144919, 0.144919
Baseline_Serial, 7250000, 1, 1, 0.000000, 1.100373, 1.100373
Baseline_PThreads, 7250000, 1, 1, 0.000000, 1.117174, 1.117174
Baseline_OMP, 7250000, 1, 1, 0.000000, 1.105118, 1.105118
Baseline_PThreads, 7250000, 1, 2, 0.000000, 0.687963, 0.687963
Baseline_OMP, 7250000, 1, 2, 0.000000, 0.555321, 0.555321
Baseline_PThreads, 7250000, 1, 4, 0.000000, 0.376586, 0.376586
Baseline_OMP, 7250000, 1, 4, 0.000000, 0.279798, 0.279798
Baseline_PThreads, 7250000, 1, 8, 0.000000, 0.217604, 0.217604
Baseline_OMP, 7250000, 1, 8, 0.000000, 0.145704, 0.145704
Baseline_Serial, 7500000, 1, 1, 0.000000, 1.155663, 1.155663
Baseline_PThreads, 7500000, 1, 1, 0.000000, 1.158840, 1.158840
Baseline_OMP, 7500000, 1, 1, 0.000000, 1.159401, 1.159401
Baseline_PThreads, 7500000, 1, 2, 0.000000, 0.723805, 0.723805
Baseline_OMP, 7500000, 1, 2, 0.000000, 0.581282, 0.581282
Baseline_PThreads, 7500000, 1, 4, 0.000000, 0.387942, 0.387942
Baseline_OMP, 7500000, 1, 4, 0.000000, 0.295771, 0.295771
Baseline_PThreads, 7500000, 1, 8, 0.000000, 0.219509, 0.219509
Baseline_OMP, 7500000, 1, 8, 0.000000, 0.162944, 0.162944
Baseline_Serial, 7750000, 1, 1, 0.000000, 1.221533, 1.221533
Baseline_PThreads, 7750000, 1, 1, 0.000000, 1.212991, 1.212991
Baseline_OMP, 7750000, 1, 1, 0.000000, 1.211450, 1.211450
Baseline_PThreads, 7750000, 1, 2, 0.000000, 0.767634, 0.767634
Baseline_OMP, 7750000, 1, 2, 0.000000, 0.611172, 0.611172
Baseline_PThreads, 7750000, 1, 4, 0.000000, 0.404867, 0.404867
Baseline_OMP, 7750000, 1, 4, 0.000000, 0.310092, 0.310092
Baseline_PThreads, 7750000, 1, 8, 0.000000, 0.222133, 0.222133
Baseline_OMP, 7750000, 1, 8, 0.000000, 0.161154, 0.161154
Baseline_Serial, 8000000, 1, 1, 0.000000, 1.266377, 1.266377
Baseline_PThreads, 8000000, 1, 1, 0.000000, 1.269153, 1.269153
Baseline_OMP, 8000000, 1, 1, 0.000000, 1.270233, 1.270233
Baseline_PThreads, 8000000, 1, 2, 0.000000, 0.793724, 0.793724
Baseline_OMP, 8000000, 1, 2, 0.000000, 0.639457, 0.639457
Baseline_PThreads, 8000000, 1, 4, 0.000000, 0.430520, 0.430520
Baseline_OMP, 8000000, 1, 4, 0.000000, 0.330598, 0.330598
Baseline_PThreads, 8000000, 1, 8, 0.000000, 0.220862, 0.220862
Baseline_OMP, 8000000, 1, 8, 0.000000, 0.168717, 0.168717
Baseline_Serial, 8250000, 1, 1, 0.000000, 1.321374, 1.321374
Baseline_PThreads, 8250000, 1, 1, 0.000000, 1.325954, 1.325954
Baseline_OMP, 8250000, 1, 1, 0.000000, 1.325334, 1.325334
Baseline_PThreads, 8250000, 1, 2, 0.000000, 0.826088, 0.826088
Baseline_OMP, 8250000, 1, 2, 0.000000, 0.666935, 0.666935
Baseline_PThreads, 8250000, 1, 4, 0.000000, 0.441141, 0.441141
Baseline_OMP, 8250000, 1, 4, 0.000000, 0.337205, 0.337205
Baseline_PThreads, 8250000, 1, 8, 0.000000, 0.242561, 0.242561
Baseline_OMP, 8250000, 1, 8, 0.000000, 0.179372, 0.179372
Baseline_Serial, 8500000, 1, 1, 0.000000, 1.378611, 1.378611
Baseline_PThreads, 8500000, 1, 1, 0.000000, 1.383084, 1.383084
Baseline_OMP, 8500000, 1, 1, 0.000000, 1.379018, 1.379018
Baseline_PThreads, 8500000, 1, 2, 0.000000, 0.860191, 0.860191
Baseline_OMP, 8500000, 1, 2, 0.000000, 0.695601, 0.695601
Baseline_PThreads, 8500000, 1, 4, 0.000000, 0.463713, 0.463713
Baseline_OMP, 8500000, 1, 4, 0.000000, 0.354082, 0.354082
Baseline_PThreads, 8500000, 1, 8, 0.000000, 0.242205, 0.242205
Baseline_OMP, 8500000, 1, 8, 0.000000, 0.183261, 0.183261
Baseline_Serial, 8750000, 1, 1, 0.000000, 1.435501, 1.435501
Baseline_PThreads, 8750000, 1, 1, 0.000000, 1.453515, 1.453515
Baseline_OMP, 8750000, 1, 1, 0.000000, 1.438992, 1.438992
Baseline_PThreads, 8750000, 1, 2, 0.000000, 0.912458, 0.912458
Baseline_OMP, 8750000, 1, 2, 0.000000, 0.725043, 0.725043
Baseline_PThreads, 8750000, 1, 4, 0.000000, 0.500630, 0.500630
Baseline_OMP, 8750000, 1, 4, 0.000000, 0.367695, 0.367695
Baseline_PThreads, 8750000, 1, 8, 0.000000, 0.261643, 0.261643
Baseline_OMP, 8750000, 1, 8, 0.000000, 0.190102, 0.190102
Baseline_Serial, 9000000, 1, 1, 0.000000, 1.503460, 1.503460
Baseline_PThreads, 9000000, 1, 1, 0.000000, 1.498058, 1.498058
Baseline_OMP, 9000000, 1, 1, 0.000000, 1.496902, 1.496902
Baseline_PThreads, 9000000, 1, 2, 0.000000, 0.932160, 0.932160
Baseline_OMP, 9000000, 1, 2, 0.000000, 0.752635, 0.752635
Baseline_PThreads, 9000000, 1, 4, 0.000000, 0.500353, 0.500353
Baseline_OMP, 9000000, 1, 4, 0.000000, 0.392936, 0.392936
Baseline_PThreads, 9000000, 1, 8, 0.000000, 0.269538, 0.269538
Baseline_OMP, 9000000, 1, 8, 0.000000, 0.198547, 0.198547
Baseline_Serial, 9250000, 1, 1, 0.000000, 1.553780, 1.553780
Baseline_PThreads, 9250000, 1, 1, 0.000000, 1.556619, 1.556619
Baseline_OMP, 9250000, 1, 1, 0.000000, 1.569769, 1.569769
Baseline_PThreads, 9250000, 1, 2, 0.000000, 0.993189, 0.993189
Baseline_OMP, 9250000, 1, 2, 0.000000, 0.794062, 0.794062
Baseline_PThreads, 9250000, 1, 4, 0.000000, 0.525635, 0.525635
Baseline_OMP, 9250000, 1, 4, 0.000000, 0.397951, 0.397951
Baseline_PThreads, 9250000, 1, 8, 0.000000, 0.269082, 0.269082
Baseline_OMP, 9250000, 1, 8, 0.000000, 0.201221, 0.201221
Baseline_Serial, 9500000, 1, 1, 0.000000, 1.607785, 1.607785
Baseline_PThreads, 9500000, 1, 1, 0.000000, 1.612625, 1.612625
Baseline_OMP, 9500000, 1, 1, 0.000000, 1.611962, 1.611962
Baseline_PThreads, 9500000, 1, 2, 0.000000, 1.006456, 1.006456
Baseline_OMP, 9500000, 1, 2, 0.000000, 0.814275, 0.814275
Baseline_PThreads, 9500000, 1, 4, 0.000000, 0.547685, 0.547685
Baseline_OMP, 9500000, 1, 4, 0.000000, 0.410541, 0.410541
Baseline_PThreads, 9500000, 1, 8, 0.000000, 0.298380, 0.298380
Baseline_OMP, 9500000, 1, 8, 0.000000, 0.213156, 0.213156
Baseline_Serial, 9750000, 1, 1, 0.000000, 1.681707, 1.681707
Baseline_PThreads, 9750000, 1, 1, 0.000000, 1.670098, 1.670098
Baseline_OMP, 9750000, 1, 1, 0.000000, 1.672329, 1.672329
Baseline_PThreads, 9750000, 1, 2, 0.000000, 1.044375, 1.044375
Baseline_OMP, 9750000, 1, 2, 0.000000, 0.842225, 0.842225
Baseline_PThreads, 9750000, 1, 4, 0.000000, 0.572183, 0.572183
Baseline_OMP, 9750000, 1, 4, 0.000000, 0.436403, 0.436403
Baseline_PThreads, 9750000, 1, 8, 0.000000, 0.288875, 0.288875
Baseline_OMP, 9750000, 1, 8, 0.000000, 0.229175, 0.229175
Baseline_Serial, 10000000, 1, 1, 0.000000, 1.731062, 1.731062
Baseline_PThreads, 10000000, 1, 1, 0.000000, 1.732842, 1.732842
Baseline_OMP, 10000000, 1, 1, 0.000000, 1.731856, 1.731856
Baseline_PThreads, 10000000, 1, 2, 0.000000, 1.094411, 1.094411
Baseline_OMP, 10000000, 1, 2, 0.000000, 0.872851, 0.872851
Baseline_PThreads, 10000000, 1, 4, 0.000000, 0.594922, 0.594922
Baseline_OMP, 10000000, 1, 4, 0.000000, 0.439506, 0.439506
Baseline_PThreads, 10000000, 1, 8, 0.000000, 0.301689, 0.301689
Baseline_OMP, 10000000, 1, 8, 0.000000, 0.230200, 0.230200
